smiles,id-num,vina_affinity,boltz_affinity_kcalmol,avg_affinity_pred_value,avg_affinity_probability_binary,combined_score
C1CCC(COc2c3c(nc[nH]3)nc(Nc3ccccc3)n2)CC1,0,-9.723,9.070275767246882,-0.6497622927029928,0.8011776010195414,-9.396637883623441
c1ccc(CNc2nc(Nc3cc(C4CC4)[nH]n3)c3sccc3n2)cc1,25,-9.314,9.088149246136348,-0.6628660162289938,0.7221704920132955,-9.201074623068173
COc1ccc(Nc2nc(NCc3cccnc3)nc3[nH]ncc23)cc1,269,-9.008,8.851197900295258,-0.4891480207443237,0.5937319000562032,-8.929598950147628
Cn1ncc2c(Nc3cc(Cl)ccc3O)nc(NCCCNC=O)nc21,50,-8.79,9.054087544202805,-0.6378940939903259,0.4501869777838389,-8.922043772101402
NC(=O)c1ccc(Nc2nc(NCC3CCCO3)c3ccccc3n2)cc1,33,-9.701,7.928585650086403,0.1872539222240448,0.4105342626571655,-8.814792825043202
Clc1ccc(Nc2nc(NCCC3=CCCCC3)nc3[nH]cnc23)cc1,125,-9.762,7.752511620002489,0.3163404545436303,0.5516125162442526,-8.757255810001244
Cc1ccc(Nc2nc(NCCc3ccccc3)nc3nccnc23)cc1,174,-9.97,7.465778220519424,0.5265555568039417,0.4659209946791331,-8.717889110259712
CCCCNc1nc(Nc2cc(Cl)ccc2O)c2cnn(C)c2n1,56,-8.543,8.81189699604114,-0.460335041085879,0.402390311161677,-8.67744849802057
CC(C)CCNc1nc(Nc2ccc(F)cc2Cl)c2cnn(C)c2n1,116,-9.512,7.841735245108605,0.2509272396564483,0.2254342089096705,-8.676867622554303
CCCCNc1nc(Nc2ccc3nc[nH]c3c2)c2cnn(C)c2n1,27,-8.705,8.642883613864582,-0.3364249368508656,0.2681216249863307,-8.67394180693229
COCCNc1nc(Nc2cc(Cl)ccc2O)c2cnn(C)c2n1,259,-8.291,8.95132203245163,-0.562552809715271,0.3049994607766469,-8.621161016225816
CC(=O)c1cccc(Nc2nc(NCC3CCCO3)c3ccccc3n2)c1,186,-9.876,7.342008025209109,0.617296169201533,0.4391423761844635,-8.609004012604554
CN(C)CCNc1nc(Nc2cccc(Br)c2)c2cnn(C)c2n1,215,-8.345,8.871987785617511,-0.5043898721536001,0.3481370906035105,-8.608493892808756
Cc1ccc(Nc2cc(C)nc(N(C)CCc3ccncc3)n2)cc1,198,-9.346,7.868017293214798,0.2316588759422302,0.4152587006489436,-8.6070086466074
CN(C)CCNc1nc(Nc2cccc(Cl)c2)c2cnn(C)c2n1,231,-8.529,8.670271609425546,-0.3565041124820709,0.3007130126158396,-8.599635804712772
OCCN1CCN(Nc2nc(Nc3ccccc3)c3nccnc3n2)CC1,193,-9.13,8.067922996878625,0.0851004421710968,0.6007594068845113,-8.598961498439312
CCc1ccc(Nc2nc(NCCO)nc3c2ncn3C)cc1,226,-8.315,8.881012004653613,-0.5110058685143789,0.7307465076446533,-8.598006002326805
OCCCNc1nc(Nc2ccc(O)cc2)nc2ccccc12,9,-8.829,8.34776473372678,-0.1200621215005715,0.5655265053113302,-8.58838236686339
Cc1cccc(Nc2nc(NCCN3CCOCC3)nc3c2cnn3C)c1C,45,-9.738,7.437216321945191,0.5474953651428223,0.1643263747294744,-8.587608160972595
Cc1ccc(C)c(Nc2nc(NCCN(C)C)nc3nccnc23)c1,100,-9.159,7.994184412052235,0.1391609882315,0.5781622529029846,-8.576592206026117
Cc1cc(O)ccc1Nc1nc(NCCC(C)C)nc2c1cnn2C,202,-9.506,7.627299230098725,0.4081383943557739,0.2078896115223566,-8.566649615049363
OCCCNc1nc(Nc2ccncc2)nc2ccccc12,139,-8.764,8.334071616704266,-0.110023179401954,0.5194802284240723,-8.549035808352134
Cc1ccc(Nc2nc(NCCN3CCOCC3)nc3[nH]nnc23)cc1,126,-8.861,8.200929252147676,-0.0124114751815795,0.7165167530377706,-8.530964626073839
COC(=O)c1ccc(CNc2nc(Nc3ccc(C)cc3O)c3cnn(C)c3n2)cc1,214,-9.538,7.52312923459212,0.4845093588034312,0.2694391359885533,-8.53056461729606
CN(C)CCNc1nc(Nc2ccc(F)cc2)c2nccnc2n1,221,-8.564,8.49078031718731,-0.2249122560024261,0.6083670854568481,-8.527390158593654
CC(=O)NCCNc1nc(Nc2ccccc2C)c2cnn(C)c2n1,67,-9.429,7.621281878113747,0.4125499427318573,0.1897908796866735,-8.525140939056874
CCCCNc1nc(Nc2cc(C)ccc2O)c2cnn(C)c2n1,55,-8.451,8.597207852885127,-0.3029383085668087,0.2710583209991455,-8.524103926442564
OCCOCCNc1nc(-c2ccncc2)cc2cnccc12,210,-7.572,9.475912345170975,-0.9471498131752014,0.6208117604255676,-8.523956172585487
OCCCNc1nc(Nc2ccccc2O)nc2ccccc12,11,-8.898,8.142579297631979,0.0303670838475227,0.4318223694960276,-8.52028964881599
Cc1ccc(C)c(Nc2nc(NCCN3CCOCC3)nc3nccnc23)c1,197,-9.741,7.288768360535304,0.6563281814257304,0.2384419590234756,-8.514884180267652
CN(C)CCNc1nc(Nc2ccc(F)c(F)c2F)c2cnn(C)c2n1,87,-8.894,8.112088798254728,0.0527208223938941,0.1947297900915146,-8.503044399127365
CC(C)CCNc1nc(Nc2ccc3c(c2)OCO3)c2cnn(C)c2n1,229,-9.097,7.8693804829716685,0.23065946996212,0.2668120265007019,-8.483190241485834
COCCCNc1nc(-c2ccc(Cl)cc2)cc2ncccc12,61,-8.329,8.59942009840409,-0.3045601894458135,0.3424543440341949,-8.464210049202045
Cc1ccc(Nc2nc(NCc3ccccc3)nc(N3CC(O)C3)n2)cc1F,228,-9.576,7.330110733032227,0.6260185241699219,0.1446496099233627,-8.453055366516114
CCOC(=O)C1CCCN(c2nc(Nc3ccc(CC)cc3)c3cnn(C)c3n2)C1,192,-9.316,7.57202300910155,0.4486634830633799,0.2075421661138534,-8.444011504550776
COc1ccc(CNc2nc(Nc3cc(F)ccc3F)c3cnn(C)c3n2)cc1,223,-9.942,6.9216106348037725,0.9255053997039796,0.0875037238001823,-8.431805317401887
COc1ccc(Nc2nc(NCCO)nc3c2ncn3C)cc1,175,-7.898,8.965378197908402,-0.5728579163551331,0.7824817697207133,-8.431689098954202
Cn1ncc2c(Nc3ccc(F)cc3)nc(NCCCNC=O)nc21,196,-8.459,8.385010031878949,-0.1473680585622787,0.3135968695084254,-8.422005015939474
Cc1ccc(Nc2nc(NCCN(C)C)nc3nccnc23)cc1,124,-8.472,8.361985243539015,-0.1304877152045568,0.6774588624636332,-8.416992621769507
COCCNc1nc(Nc2ccc(C)c(C)c2)c2nccnc2n1,44,-8.699,8.125817728251219,0.042655624449253,0.5027989745140076,-8.41240886412561
Cc1cc(Cl)ccc1Nc1nc(NCCN2CCOCC2)nc2nccnc12,79,-9.319,7.430342859665552,0.5525345603624979,0.2349340071280797,-8.374671429832777
Cn1ncc2c(Nc3ccc(Cl)cc3)nc(NCCCNC=O)nc21,163,-8.566,8.166704772591592,0.012679785490036,0.3509472360213597,-8.366352386295796
COc1ccc(CNc2nc(Nc3cccc4ccccc34)c3cnn(C)c3n2)cc1,46,-10.47,6.254781948248546,1.414382735888163,0.2536323616902033,-8.362390974124274
COc1ccc(CNc2nc(Nc3cc(C)c(Cl)cc3OC)c3cnn(C)c3n2)cc1,284,-9.636,7.078506718238196,0.810478945573171,0.1695581426223119,-8.357253359119097
Cc1ccc(CNc2nc(Nc3ccc4c(c3)OCCO4)nc(N(C)C)n2)cc1,253,-9.906,6.784902011791865,1.02573166290919,0.2380884935458501,-8.345451005895933
COCCCNc1nc(Nc2cc(C)c(C)cc2Br)c2cnn(C)c2n1,134,-8.54,8.139980245232582,0.0322725474834442,0.1627257118622462,-8.33999012261629
CCCCNc1nc(Nc2ccc3cn[nH]c3c2)c2cnn(C)c2n1,159,-8.594,8.070436600511274,0.0832576242585976,0.1859625279903412,-8.332218300255636
Cc1ccc(Nc2nc(NCCN(C)C)nc3nccnc23)c(C)c1,52,-9.032,7.620605577945709,0.4130457639694214,0.5181369086106619,-8.326302788972855
CCc1ccc(Nc2nc(NCC(C)O)nc3c2cnn3C)cc1,286,-8.842,7.807696375131608,0.2758824229240417,0.2103188782930374,-8.324848187565804
CCc1ccc(Nc2nc(NCCO)c3ccccc3n2)cc1,20,-8.876,7.769429812709491,0.3039370874563853,0.3987788657347361,-8.322714906354745
CC(=O)NCCNc1nc(Nc2ccc(C)cc2Br)c2cnn(C)c2n1,68,-8.914,7.726588986357054,0.335345317920049,0.2462175786495208,-8.320294493178526
O=C(O)CCCCNc1nc(-c2ccc(Cl)cc2)nc2c1CCC2,216,-9.101,7.536525210976601,0.4746882617473602,0.1104526668787002,-8.3187626054883
Cc1cc(O)ccc1Nc1nc(NCCOC(C)C)nc2c1cnn2C,225,-8.887,7.738768642763297,0.3264159510533015,0.229609340429306,-8.312884321381649
CC(C)CCNc1nc(Nc2ccccc2Br)c2cnn(C)c2n1,58,-8.923,7.66126952290535,0.3832334876060486,0.2856717606385549,-8.292134761452676
CCCCNc1nc(Nc2ccc(F)cc2F)c2cnn(C)c2n1,275,-8.796,7.777429263075193,0.2980723877747853,0.2032228410243988,-8.286714631537595
Cc1ccc(Nc2nc(NCc3ccccc3)nc(N3CC(O)C3)n2)cc1,235,-9.44,7.1260917135079715,0.775592585404714,0.194379448890686,-8.283045856753986
CC(C)CCNc1nc(Nc2ccc(F)c(F)c2F)c2cnn(C)c2n1,21,-9.05,7.515450637578965,0.490138828754425,0.1409878730773925,-8.282725318789483
Cc1ccc(Nc2nc(NCCCO)nc3[nH]nnc23)cc1,111,-8.129,8.408297746797404,-0.1644411633412043,0.7958582639694214,-8.268648873398702
CC(=O)NCCNc1nc(Nc2ccc(C)cc2C)c2cnn(C)c2n1,141,-9.343,7.193718532482783,0.7260128060976664,0.2167858531077703,-8.268359266241392
COC(=O)CCCNc1nc(-c2ccc(C)cc2)nc2c1CCCC2,162,-9.152,7.378321554263434,0.5906733473141988,0.107718334843715,-8.265160777131717
CCCCNc1nc(Nc2ccc(F)c(F)c2F)c2cnn(C)c2n1,51,-8.895,7.633696297168732,0.4034484624862671,0.1763654003540674,-8.264348148584366
COc1ccc(Nc2nc(NCC3CCCO3)nc3nccnc23)cc1,2,-8.989,7.539313141922156,0.4726443241039912,0.6168136795361837,-8.264156570961077
CC(=O)NCCNc1nc(Nc2ccccc2Br)c2cnn(C)c2n1,208,-9.033,7.486761938651404,0.5111715992291769,0.335522507627805,-8.259880969325701
CCOC(=O)C1CCCN(c2nc(Nc3ccc(OC)cc3)c3cnn(C)c3n2)C1,287,-9.215,7.301100218693415,0.6472872296969095,0.2042499184608459,-8.258050109346708
CC(=O)NCCNc1nc(Nc2ccc(Br)cc2C)c2cnn(C)c2n1,184,-8.924,7.58129789185524,0.4418637156486511,0.2114832699298858,-8.25264894592762
Cc1cccc(Nc2nc(NCCCN(C)C)nc3c2cnn3C)c1,285,-8.447,8.056828566402197,0.0932341888546943,0.3175320575634638,-8.2519142832011
Cc1ccc(O)c(Nc2nc(NCCOC(C)C)nc3c2cnn3C)c1,62,-8.645,7.858179545144241,0.2388713012139002,0.2466573715209961,-8.251589772572121
COc1cccc(Nc2nc(NCC3CCCO3)c3ccccc3n2)c1,16,-9.393,7.086935978492102,0.8042991360028585,0.3848242660363515,-8.23996798924605
COc1ccc(Nc2nc(NCCCO)nc3[nH]ncc23)cc1,94,-7.838,8.637490095973016,-0.3324707448482513,0.7014187773068746,-8.237745047986508
Cc1cc(Cl)ccc1Nc1nc(NCCCNC=O)nc2c1cnn2C,212,-8.725,7.743290664196015,0.3231006860733032,0.2178577830394109,-8.234145332098008
Cn1ncc2c(Nc3ccc(C#N)cc3)nc(NCCCO)nc21,84,-8.265,8.200041509091855,-0.0117606371641159,0.3205279062191645,-8.232520754545927
CC(=O)NCCNc1nc(Nc2ccc(O)cc2C)c2cnn(C)c2n1,146,-9.223,7.238778326908747,0.692977766195933,0.2542783518632253,-8.230889163454375
COc1ccc(CNc2cc(Nc3ccc(Cl)cc3C)nc(C)n2)cc1,246,-9.276,7.175688739379248,0.7392311294873556,0.2289862086375554,-8.225844369689623
COCCNc1nc(Nc2cc(C)ccc2O)c2cnn(C)c2n1,260,-8.56,7.87997321677208,0.2228935360908508,0.2364780555168787,-8.21998660838604
CC(C)CCNc1nc(Nc2cccc(C#N)c2)c2cnn(C)c2n1,194,-8.44,7.992136343205969,0.1406625049809614,0.1705043738087018,-8.216068171602984
CCCCNc1nc(Nc2ccc(C)cc2O)c2cnn(C)c2n1,83,-8.501,7.929327986776829,0.1867096871137619,0.2673563907543818,-8.215163993388414
COc1ccc(CNc2nc(Nc3ccc(C)cc3O)c3cnn(C)c3n2)cc1,59,-9.658,6.759076101462046,1.0446656147638955,0.2221004366874694,-8.208538050731022
COc1ccc(Nc2nc(NCc3ccco3)c3ccccc3n2)cc1,73,-9.234,7.180306810855866,0.7358454465866089,0.4668447275956471,-8.207153405427933
Cc1ccccc1Nc1nc(NCCN(C)C)nc2c1cnn2C,282,-8.978,7.42357103346785,0.5574992423256239,0.166193351149559,-8.200785516733925
CC(=O)NCCNc1nc(Nc2ccc(Cl)cc2C)c2cnn(C)c2n1,142,-9.094,7.281349316120148,0.6617673635482788,0.2095323503017425,-8.187674658060073
CC(=O)NCCNc1nc(Nc2ccccc2Cl)c2cnn(C)c2n1,66,-9.058,7.307261161327363,0.6427704095840454,0.2129498173793157,-8.18263058066368
Cc1ccc(CNc2nc(Nc3cccc4ccccc34)nc(N(C)C)n2)cc1,283,-9.863,6.50213715950648,1.233037273089091,0.2867684662342071,-8.18256857975324
c1ccc(-c2cc(NCC3(Cn4cccn4)CC3)n3nccc3n2)cc1,6,-8.598,7.763356336116791,0.3083897829055786,0.3610568344593048,-8.180678168058396
COc1ccc(Nc2nc(NCCO)c3ccccc3n2)cc1,114,-8.603,7.753629854877791,0.3155206342538197,0.4881773094336192,-8.178314927438896
COc1ccc(Nc2nc(NCC3CCCO3)c3ccccc3n2)cc1,1,-9.253,7.098130656162898,0.796091894308726,0.4466029902299245,-8.175565328081449
CN(C)CCCNc1nc(Nc2ccc(Cl)cc2)c2cnn(C)c2n1,271,-8.037,8.308141487300396,-0.0910128206014633,0.1917278617620468,-8.172570743650198
CCCCCNc1nc(Nc2cc(F)ccc2F)c2cnn(C)c2n1,22,-8.828,7.514620137015979,0.4907477001349131,0.1442732512950897,-8.171310068507989
Cc1c(Cl)cccc1Nc1nc(NCCCNC=O)nc2c1cnn2C,237,-8.688,7.61418322634697,0.4177542328834533,0.1753480384747187,-8.151091613173485
COCCCNc1nc(Nc2cc(C)c(Br)cc2C)c2cnn(C)c2n1,169,-8.619,7.666528223852317,0.379378135005633,0.1779992878437042,-8.142764111926159
Cc1ccc(Nc2nc(NCCCN(C)C)nc3c2cnn3C)cc1,217,-8.665,7.620135456442833,0.4133904278278351,0.2837263246377309,-8.142567728221415
CCN(CC)CCNc1cc(-c2ccc(OC)cc2)nc2ccccc12,151,-8.056,8.227210446596146,-0.0316792130470275,0.1259683035314083,-8.141605223298072
COCCCNc1nc(Nc2ccc(F)c(F)c2F)c2cnn(C)c2n1,109,-8.324,7.959028348018727,0.1649352287252744,0.1349945962429046,-8.141514174009362
COc1ccc(CNc2nc(Nc3ccccc3)c3cnn(C)c3n2)cc1,29,-9.48,6.798273218552271,1.0159287254015603,0.2142259031534195,-8.139136609276136
Cc1ccccc1Nc1nc(NCCC(C)C)nc2c1cnn2C,168,-8.996,7.274740399658681,0.6666126102209091,0.236635684967041,-8.13537019982934
Cc1cc(O)ccc1Nc1nc(NCCCCCO)nc2c1cnn2C,60,-8.591,7.669337767243386,0.3773183524608612,0.2508500516414642,-8.130168883621693
Cc1cc(O)ccc1Nc1nc(NCCCN(C)C)nc2c1cnn2C,14,-8.938,7.316207819461823,0.6362112760543823,0.2774574110905329,-8.127103909730913
OCCCNc1nc(NCCc2cccs2)nc2ccccc12,143,-8.573,7.6782328468362495,0.3707970331112544,0.2449703862269719,-8.125616423418125
COc1ccc(Nc2nc(NCCN3CCOCC3)nc3nccnc23)cc1,227,-8.701,7.549676119844119,0.4650468329588572,0.6768254240353903,-8.12533805992206
Cc1ccc(Nc2nc(N)c([N+](=O)[O-])c(NCC3CCCO3)n2)cc1,224,-8.81,7.438940195639929,0.5462315281232198,0.6246692140897115,-8.124470097819964
CC(C)CCNc1nc(Nc2ccccc2F)c2cnn(C)c2n1,64,-8.451,7.793718016172449,0.2861304866770903,0.1845068087180455,-8.122359008086224
CCCCNc1nc(Nc2ccc(O)cc2C)c2cnn(C)c2n1,120,-8.606,7.635119214172165,0.4024052682022254,0.310169314344724,-8.120559607086083
Cc1ccc(Nc2nc(NCCCO)c3ccccc3n2)cc1,5,-8.789,7.450373355468115,0.5378494461377462,0.4877233604590098,-8.119686677734057
COc1ccc(CNc2nc(Nc3cccc(C)c3C)c3cnn(C)c3n2)cc1,204,-9.871,6.359321794350943,1.3377406199773152,0.2249213109413782,-8.115160897175471
c1ccc(CNc2nc(NCC3CCCO3)c3ccccc3n2)nc1,244,-9.354,6.8682949132919315,0.9645931720733644,0.2151779582103093,-8.111147456645966
COCCNc1nc(Nc2ccccc2Br)c2cnn(C)c2n1,132,-8.229,7.990017827272416,0.1422156691551208,0.2738336275021235,-8.109508913636208
COc1ccc(Nc2nc(NCC3CCCO3)c3ccccc3n2)c(OC)c1,92,-9.289,6.929309191147486,0.9198612968126932,0.2651150574286778,-8.109154595573743
COc1ccc(Nc2nc(NCCCO)c3ccccc3n2)cc1,69,-8.729,7.483635966022811,0.5134633680184683,0.4594372014204661,-8.106317983011404
CC(C)CCNc1nc(Nc2ccccc2Cl)c2cnn(C)c2n1,101,-8.371,7.840428715189299,0.2518851061662038,0.225369835893313,-8.10571435759465
CCOCCCNc1nc(Nc2ccc(Br)c(C)c2C)c2cnn(C)c2n1,128,-8.907,7.292653221329054,0.6534800430138906,0.24983711540699,-8.099826610664527
CN(C)CCCNc1nc(Nc2ccc(F)cc2)c2nccnc2n1,10,-8.368,7.830381597399712,0.2592510282993316,0.5840684771537781,-8.099190798699857
COCCCNc1nc(Nc2cc(Cl)c(Cl)cc2Cl)c2cnn(C)c2n1,78,-8.345,7.839055079981685,0.2528921701014042,0.1551404620210329,-8.092027539990843
COCCNc1nc(Nc2ccc(C(C)C)c(C)c2)c2cnn(C)c2n1,262,-8.583,7.594498272220294,0.4321860174338023,0.2567071219285329,-8.088749136110147
Cc1ccc(Nc2nc(NCCCO)nc3c2cnn3C)c(O)c1,95,-8.409,7.766511930160225,0.3060762975364923,0.2197858542203903,-8.087755965080113
CCCCNc1nc(Nc2ccccc2F)c2cnn(C)c2n1,23,-8.654,7.508219902604819,0.4954399541020393,0.1923143217960993,-8.081109951302409
CC(=O)NCCNc1nc(Nc2ccc(Cl)cc2Cl)c2cnn(C)c2n1,140,-8.853,7.284913242260616,0.6591545144716898,0.2171425173679987,-8.068956621130308
Cc1ccc(Nc2ncc([N+](=O)[O-])c(NCc3ccccc3)n2)cc1,199,-8.878,7.258488457163176,0.6785275240739187,0.7141972978909811,-8.068244228581587
COc1ccc(CNc2nc(Nc3cccc(Cl)c3C)c3cnn(C)c3n2)cc1,206,-9.541,6.589840869903565,1.1687383651733398,0.2223856598138809,-8.065420434951783
CCCCc1ccc(Nc2nc(N3CCOCC3)c3[nH]cnc3n2)cc1,249,-8.465,7.656203746909897,0.3869473996261756,0.5784539182980856,-8.06060187345495
Clc1ccc(Nc2nc(NCCN3CCOCC3)nc3nccnc23)cc1,80,-8.713,7.405008845885596,0.5711078842480978,0.5155051747957865,-8.059004422942797
COCCNc1nc(Nc2ccc(OC)cc2)c2nccnc2n1,211,-8.017,8.10053139227132,0.0611939939359823,0.6408791343371073,-8.058765696135659
Cc1ccc(Nc2nc(NCc3ccco3)nc(N)c2[N+](=O)[O-])cc1,195,-8.745,7.369525627692542,0.5971219738324484,0.4772615134716034,-8.05726281384627
COc1ccc(Nc2nc(NCC3CCCO3)nc(C)c2[N+](=O)[O-])cc1,43,-8.32,7.781012984250983,0.295445026208957,0.4862097203731537,-8.050506492125493
COc1ccc(Nc2nc(NCCCO)nc3nccnc23)cc1,183,-7.99,8.106108448266983,0.0571052432060241,0.709223747253418,-8.048054224133491
c1ccc(Nc2nc(NCCN3CCOCC3)nc3nccnc23)cc1,13,-8.981,7.112411563952765,0.7856220205624899,0.5262518525123596,-8.046705781976382
COCCNc1nc(Nc2ccc(C)cc2O)c2cnn(C)c2n1,145,-8.276,7.802451109131178,0.2797279258569081,0.2680071542660395,-8.03922555456559
Cc1ccc(Nc2nc(NCCC(C)C)nc3c2cnn3C)cc1C,254,-9.056,7.018764336188635,0.8542783459027609,0.2334032654762268,-8.037382168094318
COc1ccc(CNc2cc(Nc3ccc(C)cc3C)nc(C)n2)cc1,247,-9.465,6.607120799223582,1.1560697952906291,0.2590665320555369,-8.036060399611792
Cc1ccc(Nc2nc(NCc3ccncc3)nc(N(C)C)n2)cc1,219,-8.89,7.175965847854814,0.739027970780929,0.300272136926651,-8.032982923927406
Cc1ccc(Nc2nc(NCc3cccnc3)nc(N(C)C)n2)cc1,268,-8.918,7.147357175104321,0.7600020710378885,0.2986676643292109,-8.03267858755216
Cc1cccc(Nc2nc(NCCCCCO)nc3c2cnn3C)c1,288,-8.136,7.919325882494451,0.1940426081418991,0.2281187176704406,-8.027662941247225
Cc1ccc(Nc2nc(NCCN(C)C)nc3c2cnn3C)c(O)c1,191,-8.644,7.407728355487189,0.569114108880361,0.2756323516368866,-8.025864177743594
CC(C)CCNc1nc(Nc2ccccc2O)c2cnn(C)c2n1,74,-8.547,7.504250810861588,0.4983498454093933,0.2550637026627858,-8.025625405430795
COc1ccc(Nc2nc(NCC3CCCO3)nc3[nH]ncc23)cc1,3,-8.336,7.703383507132531,0.3523581326007843,0.4832555055618286,-8.019691753566265
C=CCNc1nc(Nc2ccc(C(C)=O)cc2)c2cnn(C)c2n1,213,-8.329,7.709096049110095,0.3481700519720713,0.3563383469978968,-8.019048024555048
Cc1ccc(Nc2nc(NCCN3CCOCC3)nc3nccnc23)cc1,81,-8.865,7.172187225103379,0.7417982220649719,0.6279454032580057,-8.01859361255169
CCCCCCNc1nc(Nc2cc(C)c(Br)cc2C)c2cnn(C)c2n1,207,-9.05,6.9828947769006104,0.8805756767590841,0.2426855266094207,-8.016447388450306
COc1ccc(Nc2nc(NCc3ccccc3)c3nccnc3n2)c(OC)c1,255,-9.153,6.872120275497437,0.9617886543273926,0.4885150293509165,-8.012560137748718
COc1ccc(Nc2nc(NCc3ccccc3)nc3nccnc23)cc1,110,-9.128,6.890289661963782,0.948467989762624,0.4586091140906016,-8.00914483098189
Cc1ccc(Nc2nc(NCCN(C)C)nc3c2cnn3C)c(Br)c1,75,-8.535,7.469069726526738,0.5241424292325974,0.2698532392581304,-8.002034863263368
COCCCNc1nc(Nc2ccccc2F)c2cnn(C)c2n1,72,-8.332,7.653905722339949,0.3886321683724721,0.1420561522245407,-7.992952861169975
Cc1ccc(Nc2nc(NCCCNC=O)nc3c2cnn3C)cc1,173,-8.65,7.333349239428839,0.6236442526181539,0.2738600472609202,-7.99167461971442
Cc1cc(Cl)ccc1Nc1nc(NCCCN(C)C)nc2c1cnn2C,28,-8.675,7.296967106103898,0.650317370891571,0.2189852446317672,-7.985983553051949
CCCCNc1nc(Nc2ccc(F)cc2Cl)c2cnn(C)c2n1,105,-8.624,7.347494144638381,0.6132740875085195,0.2213980108499527,-7.985747072319191
COCCCNc1nc(Nc2ccc(O)cc2)c2cnn(C)c2n1,181,-7.962,8.009188232431809,0.1281611199180285,0.2957419157028198,-7.985594116215904
CCc1ccc(Nc2nc(NCC3CCCO3)nc3c2cnn3C)cc1,42,-8.889,7.081867229938507,0.8080152273178101,0.23100313047568,-7.985433614969253
CC(=O)NCCNc1nc(Nc2ccc(C)cc2O)c2cnn(C)c2n1,71,-9.083,6.883926036596299,0.9531334042549132,0.2009872198104858,-7.983463018298149
CCCCCNc1nc(Nc2ccc(O)cc2)c2cnn(C)c2n1,164,-8.474,7.489578954935074,0.5091063380241394,0.2760177205006281,-7.981789477467537
COC(=O)CCCNc1nc(-c2ccc(Cl)cc2)nc2c1CCCC2,161,-8.876,7.048448589722316,0.8325156966845194,0.1068409159779548,-7.962224294861158
Cc1c(Cl)cccc1Nc1nc(NCCCO)nc2c1cnn2C,179,-8.502,7.421049155791602,0.5593481262524923,0.2080214867989222,-7.961524577895801
CCN(CC)CCNc1nc(Nc2ccc(C)cc2O)c2cnn(C)c2n1,115,-8.479,7.441474610567093,0.5443734526634216,0.1881682028373082,-7.960237305283546
COc1ccc(Nc2nc(NCC(C)O)nc3c2cnn3C)c(OC)c1,148,-8.162,7.756538713892302,0.313388039668401,0.2001414944728215,-7.959269356946152
COc1ccc(Nc2nc(NCC3CCCO3)nc3c2cnn3C)cc1,152,-8.845,7.0713107359409335,0.8157545924186707,0.2322656561930974,-7.958155367970467
COc1ccc(Nc2nc(NCCO)nc3c2cnn3C)cc1,251,-8.129,7.783866872111957,0.2933527330557505,0.3116451203823089,-7.956433436055978
CC(C)CCNc1nc(Nc2ccc(I)cc2)c2cnn(C)c2n1,185,-8.635,7.274883929332098,0.6665073831876119,0.2905340194702148,-7.954941964666049
COCCCNc1nc(Nc2ccc(Br)c(C)c2C)c2cnn(C)c2n1,118,-8.448,7.4552176733414335,0.534297893444697,0.2459306567907333,-7.951608836670717
Cc1ccc(Nc2nc(NCCC(C)C)nc3c2cnn3C)cc1,31,-8.717,7.183541116714478,0.7334742546081543,0.2719852377971013,-7.950270558357239
CCCCNc1nc(Nc2ccccc2)c2cnn(C)c2n1,12,-8.405,7.493775861501694,0.5060294270515442,0.3151372124751408,-7.949387930750847
COCCNc1nc(Nc2cc(Cl)c(Cl)cc2Cl)c2cnn(C)c2n1,167,-8.24,7.656847169399262,0.3864756822586059,0.2453700055678685,-7.948423584699631
CC(C)CCNc1nc(Nc2cc(Cl)c(Cl)cc2Cl)c2cnn(C)c2n1,48,-8.666,7.218561015566191,0.7077998419602712,0.1489924043416977,-7.942280507783096
COc1ccc(Nc2nc(NCCO)nc3nccnc23)cc1,153,-8.046,7.833102904086313,0.2572559354205926,0.6733930110931396,-7.9395514520431565
COCCCNc1nc(Nc2ccc(F)cc2Cl)c2cnn(C)c2n1,187,-8.336,7.536315414428712,0.4748420715332031,0.1884768952926,-7.936157707214356
COCCNc1nc(Nc2ccccc2Cl)c2cnn(C)c2n1,34,-8.278,7.582549990932147,0.4409457544485728,0.2437065988779068,-7.930274995466074
CCCCCNc1nc(Nc2ccccc2O)c2cnn(C)c2n1,170,-8.387,7.45602174439033,0.5337083985408148,0.3442023297150929,-7.9215108721951655
COCCNc1nc(Nc2ccc(Br)c(C)c2C)c2cnn(C)c2n1,112,-8.571,7.264775605638823,0.6739181776841482,0.1749401415387789,-7.917887802819411
COc1ccc(Nc2nc(NCCN(C)C)nc3nccnc23)cc1,54,-8.308,7.523118929723899,0.4845169136921565,0.6677151918411255,-7.91555946486195
COc1ccc(Nc2nc(NCc3ccccc3)c3nccnc3n2)cc1,113,-9.242,6.581194211483002,1.1750775575637815,0.2747738460699717,-7.911597105741501
CC(C)CCNc1nc(Nc2ccc(Br)cc2)c2cnn(C)c2n1,135,-8.699,7.123566675265631,0.7774437864621481,0.2649731735388438,-7.911283337632815
CCCCCNc1nc(Nc2ccccc2Cl)c2cnn(C)c2n1,37,-8.434,7.384359123031299,0.5862469772497813,0.2412878225247065,-7.909179561515649
COc1ccc(Nc2nc(NCC3CCCO3)nc3c2cnn3C)c(OC)c1,241,-8.463,7.354618500987689,0.6080509523550669,0.2443597018718719,-7.908809250493844
CCOCCCNc1nc(Nc2ccccc2C#N)c2cnn(C)c2n1,240,-8.238,7.579285658001901,0.4433389604091644,0.1960423241058985,-7.90864282900095
CCCCNc1nc(Nc2ccccc2Br)c2cnn(C)c2n1,166,-8.316,7.50008181754748,0.5014062921206156,0.3381388535102208,-7.90804090877374
Cc1ccc(Nc2nc(NCCCN(C)C)nc3nccnc23)cc1,49,-8.168,7.631841217637063,0.4048084914684295,0.7137996554374695,-7.899920608818531
CCCCNc1nc(Nc2ccc(Cl)cc2Cl)c2cnn(C)c2n1,91,-8.584,7.2145005993843085,0.710776686668396,0.2396102547645568,-7.899250299692154
CCCCCNc1nc(Nc2ccc(I)cc2)c2cnn(C)c2n1,123,-8.532,7.263413208564123,0.6749170025189718,0.3150868117809295,-7.897706604282062
Cc1ccccc1Nc1nc(NCCCN(C)C)nc2c1cnn2C,201,-8.982,6.808380336284638,1.0085188150405884,0.2646083335081736,-7.895190168142319
CCOCCCNc1nc(Nc2ccccc2Br)c2cnn(C)c2n1,264,-8.341,7.437840711593629,0.5470376014709473,0.2133773416280746,-7.889420355796814
Cc1ccc(Nc2nc(NCC(C)C)nc(N)c2[N+](=O)[O-])cc1,156,-8.314,7.444645583152772,0.5420486927032471,0.4771127204100291,-7.879322791576386
CC(C)CCNc1nc(Nc2ccc(F)c(Cl)c2)c2cnn(C)c2n1,263,-8.579,7.178557869434357,0.7371276617050171,0.210688238342603,-7.878778934717179
OCCN1CCCC(CNc2cc(-c3ccccc3)nc3ccnn23)C1,88,-8.438,7.308792406479518,0.6416477958361307,0.2438192814588546,-7.873396203239759
CCCCCNc1nc(Nc2ccc(F)cc2Cl)c2cnn(C)c2n1,258,-8.299,7.440952659845353,0.5447561144828796,0.2115486810604731,-7.869976329922676
COCCNc1nc(Nc2ccc(C)cc2Br)c2cnn(C)c2n1,188,-8.185,7.553196218113104,0.4624661157528559,0.301614910364151,-7.869098109056552
CC(C)CCNc1nc(Nc2ccc(F)c(F)c2)c2cnn(C)c2n1,119,-8.667,7.068962038993836,0.8174765110015869,0.1434226607282956,-7.867981019496918
OCCCNc1nc(Nc2ccc(F)cc2F)nc2ccccc12,18,-9.001,6.727451443274817,1.0678508480389912,0.2708095262447993,-7.864225721637409
CC(C)CCNc1nc(Nc2cccc(F)c2)c2cnn(C)c2n1,200,-8.406,7.307422651688258,0.6426520148913065,0.2163115441799163,-7.856711325844129
CCCCNc1nc(Nc2ccc(C(C)=O)cc2)c2cnn(C)c2n1,270,-8.312,7.396778393030167,0.5771419405937195,0.2183233499526977,-7.854389196515083
COCCNc1nc(Nc2ccc(F)c(F)c2F)c2cnn(C)c2n1,26,-8.415,7.289035243749619,0.6561325192451477,0.1440206343928972,-7.8520176218748094
CCN(CC)CCNc1nc(Nc2ccc(I)cc2)c2cnn(C)c2n1,150,-7.566,8.135697129398585,0.0354126617312431,0.2397906432549158,-7.850848564699293
CCCCCNc1nc(Nc2cc(Cl)c(Cl)cc2Cl)c2cnn(C)c2n1,165,-8.545,7.156174476146698,0.7535377740859985,0.1400421410799026,-7.850587238073349
Cc1ccc(Nc2nc(NCC3CCCO3)nc(N)c2[N+](=O)[O-])cc1,4,-8.761,6.9372441971302035,0.9140438437461852,0.304269219438235,-7.849122098565101
CC(C)CCNc1nc(Nc2ccc(Cl)cc2Cl)c2cnn(C)c2n1,63,-8.529,7.1652708089351655,0.746868908405304,0.1868247091770172,-7.847135404467583
CCCCNc1nc(Nc2ccccc2O)c2cnn(C)c2n1,8,-8.201,7.490681013504664,0.508298377195994,0.2278150866429011,-7.8458405067523325
Cc1cc(Br)ccc1Nc1nc(NCCCN(C)C)nc2c1cnn2C,70,-8.376,7.312884258945784,0.6386479039986929,0.2898806383212407,-7.844442129472892
COCCNc1nc(Nc2ccccc2C)c2cnn(C)c2n1,35,-8.673,7.01466355419159,0.8572847843170166,0.1796662857135137,-7.8438317770957955
OCCCNc1nc(Nc2ccc(F)cc2)nc2ccccc12,7,-8.784,6.896442122220994,0.9439573884010316,0.3527230521043141,-7.840221061110498
CCCNc1nc(Nc2ccc(C(C)=O)cc2)c2cnn(C)c2n1,117,-8.236,7.441849000453949,0.544098973274231,0.2557744930187861,-7.838924500226975
Cc1c(Cl)cccc1Nc1nc(NCCOC(C)C)nc2c1cnn2C,209,-8.742,6.935685418128968,0.915186643600464,0.2059321055809656,-7.838842709064485
COCCNc1nc(Nc2ccc(Br)cc2C)c2cnn(C)c2n1,281,-8.427,7.242530193249385,0.6902271310488383,0.2026208018263181,-7.834765096624692
CC(C)OCCNc1nc(Nc2ccccc2Cl)c2cnn(C)c2n1,242,-8.595,7.074007860740027,0.813777228196462,0.1933299352725347,-7.834503930370014
Cc1cccc(Nc2nc(NCC3CCCO3)nc(N)c2[N+](=O)[O-])c1,149,-8.712,6.956523636738459,0.8999093572298685,0.2542056143283844,-7.83426181836923
CCOCCCNc1nc(Nc2ccc(F)cc2Cl)c2cnn(C)c2n1,277,-8.384,7.284246901432673,0.6596430341402689,0.1473658680915832,-7.834123450716337
COCCCNc1nc(Nc2ccc(C)cc2O)c2cnn(C)c2n1,19,-8.162,7.505241216421128,0.4976237416267395,0.1982768128315607,-7.833620608210564
COCCNc1nc(Nc2ccccc2O)c2cnn(C)c2n1,17,-8.278,7.387824986934662,0.5837060213088989,0.1990198840697606,-7.832912493467331
CC(C)CCNc1nc(Nc2ccc(F)cc2)c2cnn(C)c2n1,171,-8.522,7.142454841534297,0.7635961572329203,0.2144437730312347,-7.832227420767149
CCCOCCNc1cc(-c2ccc(F)cc2)nc2ccnn12,160,-7.924,7.737692444602649,0.3272049526373545,0.32969664533933,-7.830846222301325
Cc1ccc(Nc2nc(NCCOC(C)C)nc3c2cnn3C)cc1,203,-8.626,7.0321781716346745,0.8444441556930542,0.2453691711028417,-7.829089085817337
CCCCCNc1nc(Nc2ccc(Cl)cc2C)c2cnn(C)c2n1,108,-8.395,7.259965362936259,0.6774447485804558,0.2382595092058181,-7.82748268146813
CCCCCNc1nc(Nc2cc(C)c(C)cc2Br)c2cnn(C)c2n1,243,-8.84,6.809558383941651,1.007655143737793,0.2253995885451634,-7.824779191970825
CCCCCNc1nc(Nc2ccccc2)c2cnn(C)c2n1,38,-8.274,7.372663131475449,0.5948217511177063,0.2198332250118255,-7.823331565737725
COCCNc1nc(Nc2ccccc2F)c2cnn(C)c2n1,245,-8.257,7.388801896572113,0.5829898118972778,0.1672697812318802,-7.8229009482860565
COc1ccc(OC)c(Nc2nc(NCCO)c3ccccc3n2)c1,261,-8.651,6.987220734834671,0.8774041533470154,0.1693021804094314,-7.819110367417336
c1ccc(Nc2nc(NCc3cccnc3)nc(N3CCCC3)n2)cc1,257,-9.095,6.538567124764125,1.206329087416331,0.2826830645402272,-7.816783562382063
Cc1ccccc1Nc1nc(NCc2ccc(Cl)cc2)nc(N(C)C)n1,252,-9.251,6.381432938575745,1.3215301036834717,0.2726084540287654,-7.816216469287872
COc1ccc(Nc2nc(NCCCO)nc3c2cnn3C)cc1,65,-8.095,7.534102977514268,0.4764640927314758,0.2945320308208465,-7.814551488757134
COCCNc1nc(Nc2ccccc2)c2nccnc2n1,178,-8.146,7.480751077175141,0.5155783891677856,0.5395910739898682,-7.813375538587571
CCCCCNc1nc(Nc2ccccc2OC)c2cnn(C)c2n1,131,-8.485,7.135873519897461,0.7684211730957031,0.2068239003419876,-7.810436759948731
CC(O)CNc1nc(Nc2ccc(OC(C)C)cc2)c2cnn(C)c2n1,180,-8.404,7.212316834529242,0.712377687295278,0.2107890546321869,-7.808158417264621
COc1ccc(Nc2nc(NCCNC(C)=O)nc3c2cnn3C)cc1,238,-8.681,6.905126883586249,0.9375902613004048,0.2399840007225672,-7.793063441793124
COCCCNc1nc(Nc2ccc(C)cc2C)c2cnn(C)c2n1,129,-8.725,6.860675245761872,0.9701794385910034,0.1994287321964899,-7.792837622880936
COCCCNc1nc(Nc2ccc(Cl)cc2C)c2cnn(C)c2n1,122,-8.419,7.152705346663794,0.7560811241467794,0.2224667916695276,-7.785852673331897
CCc1ccc(Nc2nc(NCCN(C)C)nc3c2cnn3C)cc1,265,-8.484,7.079543194214503,0.8097190658251444,0.2147890329360962,-7.781771597107252
OCC1CCCCN1CCNc1cc(-c2ccc(F)cc2)nc2ccnn12,147,-8.641,6.91832388997078,0.9279150366783142,0.215671901901563,-7.77966194498539
COc1ccc(Nc2nc(NCCC(C)C)nc3c2cnn3C)cc1,182,-8.181,7.375399158676467,0.5928158660729727,0.252972016731898,-7.778199579338233
c1ccc(Nc2nc(NCc3ccncc3)nc(N3CCCC3)n2)cc1,274,-8.977,6.572389883836111,1.181532343228658,0.2847082366545995,-7.774694941918056
COCCCNc1nc(Nc2ccccc2C)c2cnn(C)c2n1,177,-8.454,7.090002696434657,0.8020508090655009,0.1700457980235417,-7.772001348217328
Cc1ccc(CNc2nc(NCCO)nc3c2cnn3C)cc1,172,-8.596,6.93372962053617,0.9166205128033956,0.2101268122593561,-7.764864810268085
CCCCCCNc1nc(Nc2ccccc2Cl)c2cnn(C)c2n1,233,-8.575,6.954433367729187,0.9014418125152588,0.2174914528926213,-7.764716683864593
COc1ccc(CNc2nc(Nc3ccccc3C)ncc2[N+](=O)[O-])cc1,273,-8.967,6.557527919689814,1.192428211371104,0.3991044064362843,-7.7622639598449075
CCc1ccc(Nc2nc(NCCOC(C)C)nc3c2cnn3C)cc1,266,-8.632,6.879630349636078,0.9562827348709106,0.2501591791709264,-7.755815174818039
OCCNc1nc(NCC2CCCO2)c2ccccc2n1,103,-8.354,7.155309205969176,0.7541721363862356,0.2260515689849853,-7.754654602984587
COc1ccc(Nc2nc(NCCCO)nc3nc[nH]c23)cc1,32,-7.676,7.827042581275106,0.2616989873349666,0.6817304889361063,-7.7515212906375535
Cc1ccc(Nc2nc(NCCOC(C)C)nc3c2cnn3C)c(C)c1,289,-8.675,6.815468432505926,1.0033222635587056,0.249432827035586,-7.745234216252964
CCCCNc1nc(Nc2ccc(C)cc2C)c2cnn(C)c2n1,90,-8.626,6.861097508231799,0.9698698620001476,0.2714006801446278,-7.743548754115899
CC(C)CCNc1nc(Nc2ccccc2)c2cnn(C)c2n1,24,-8.222,7.234956189632416,0.6957799196243286,0.2267193645238876,-7.728478094816207
Cc1cc(Cl)ccc1Nc1nc(NCCOC(C)C)nc2c1cnn2C,190,-8.476,6.979962936878205,0.8827251195907593,0.2118819604317347,-7.727981468439102
CCCCNc1nc(Nc2ccccc2Cl)c2cnn(C)c2n1,77,-8.521,6.918268849372864,0.9279553890228271,0.2364728450775146,-7.719634424686433
Cc1cccc(Nc2nc(NCCN(C)C)nc(N(C)C)n2)c1C,267,-8.368,7.061374166826408,0.8230394671360651,0.1837835957606633,-7.714687083413204
CCCCCCNc1nc(Nc2ccccc2C#N)c2cnn(C)c2n1,86,-8.263,7.164608763496081,0.7473542789618174,0.3083106180032094,-7.713804381748041
CCCCCNc1nc(Nc2ccccc2C)c2cnn(C)c2n1,36,-8.975,6.437994131247202,1.2800629536310832,0.2859600186347961,-7.706497065623601
CCCCNc1nc(Nc2ccc(Cl)cc2C)c2cnn(C)c2n1,89,-8.663,6.74509042374293,1.0549190441767375,0.2834861973921458,-7.704045211871465
COCCCNc1nc(Nc2ccc3c(c2)OCCO3)c2cnn(C)c2n1,47,-8.421,6.9851606690486285,0.8789144655068716,0.271270011862119,-7.703080334524314
CN(C)CCCNc1nc(-c2ccc(Cl)cc2)nc2c1CCC2,39,-7.814,7.591277687554559,0.4345471498866876,0.1115215644240379,-7.7026388437772795
c1ccc(Nc2nc(NCc3ccco3)nc(N3CCCCC3)n2)cc1,158,-8.862,6.532624339103699,1.210685968399048,0.4161508431037267,-7.69731216955185
Cc1c(Cl)cccc1Nc1nc(NCCCOC(C)C)nc2c1cnn2C,278,-8.797,6.596295335292817,1.1640063524246216,0.2225512613852819,-7.696647667646409
COc1ccc(CNc2nc(Nc3cccc(Cl)c3Cl)c3cnn(C)c3n2)cc1,205,-9.629,5.761711632569631,1.7758712371190388,0.2491641218463579,-7.695355816284815
COCCCNc1nc(Nc2ccc(Cl)cc2Cl)c2cnn(C)c2n1,121,-8.019,7.362211108922959,0.6024845242500305,0.2470844636360804,-7.690605554461479
COCCCNc1nc(Nc2ccccc2)c2cnn(C)c2n1,15,-8.044,7.32759438041846,0.6278633574644724,0.2107998132705688,-7.685797190209231
CCCCCNc1nc(Nc2ccc(O)cc2C)c2cnn(C)c2n1,279,-8.206,7.1621085355281835,0.7491872906684875,0.2961436808109283,-7.6840542677640915
Cc1ccc(Nc2nc(NCC3CCCO3)nc(N)c2[N+](=O)[O-])cc1C,30,-8.856,6.501377214431763,1.2335944175720217,0.2958620091279347,-7.678688607215881
COCCCNc1nc(Nc2ccccc2Cl)c2cnn(C)c2n1,176,-8.1,7.232502235333125,0.697579006354014,0.1951602548360824,-7.666251117666562
CCOc1ccc(Nc2nc(NCC3CCCO3)nc3c2cnn3C)cc1,236,-8.776,6.548810665130616,1.1988191604614258,0.2158571928739547,-7.662405332565308
CCCCNc1nc(Nc2ccccc2C)c2cnn(C)c2n1,76,-8.735,6.572722458044688,1.181288520495097,0.2365262657403946,-7.653861229022343
OCCOCCNc1nc(-c2ccc(Cl)cc2)nc2c1CCCC2,82,-8.224,7.0650307961304994,0.8203586538632711,0.0574840679764747,-7.64451539806525
OCCCNc1nc(Nc2ccccc2)nc2ccccc12,41,-8.654,6.617779108842215,1.148255785306295,0.3829454084237416,-7.635889554421107
COc1ccc(Nc2nc(NCC3CCCO3)nc(N)c2[N+](=O)[O-])cc1,98,-8.606,6.664278359889985,1.114165425300598,0.2442847341299057,-7.635139179944993
CCCCCNc1nc(Nc2ccc(C)cc2C)c2cnn(C)c2n1,107,-8.702,6.56727539006869,1.185281972090403,0.2707778910795848,-7.634637695034344
CCCCCNc1nc(Nc2cc(C)c(Br)cc2C)c2cnn(C)c2n1,155,-8.654,6.6114903072516125,1.1528663436571758,0.2790478120247523,-7.632745153625806
CCCNc1nc(Nc2ccc(CC)cc2)c2cnn(C)c2n1,136,-8.507,6.7494501756827034,1.0517227451006572,0.2484023869037628,-7.628225087841352
CCCNc1nc(Nc2ccc(C(=O)OC)cc2)c2cnn(C)c2n1,222,-8.262,6.985923771301906,0.8783550063769022,0.2008732805649439,-7.623961885650953
Cc1cc(Br)ccc1Nc1nc(NCCOC(C)C)nc2c1cnn2C,239,-8.369,6.863272235155106,0.9682754874229432,0.2384565422932306,-7.616136117577553
OCCOCCNc1nc(-c2ccc(Cl)cc2)nc2c1CCC2,248,-7.88,7.350341906150183,0.6111862858136495,0.0906460657715797,-7.615170953075092
COCCCNc1nc(Nc2ccccc2O)c2cnn(C)c2n1,127,-8.255,6.935673250118891,0.9151955644289652,0.3407019972801208,-7.595336625059446
CC(C)OCCNc1nc(Nc2cc(Cl)c(Cl)cc2Cl)c2cnn(C)c2n1,232,-8.462,6.726887839476268,1.0682640473047893,0.1291886990269025,-7.594443919738134
CCCCCNc1nc(Nc2ccc(Cl)cc2Cl)c2cnn(C)c2n1,106,-8.106,7.043607672929764,0.8360647559165955,0.2248466908931732,-7.574803836464882
COc1ccc(Nc2nc(NCC(C)C)nc(N)c2[N+](=O)[O-])cc1,250,-7.834,7.303958901604018,0.6451914211114248,0.4457552333672841,-7.568979450802009
COCCCNc1nc(Nc2ccc(I)cc2)c2cnn(C)c2n1,230,-7.478,7.639922226190568,0.3988839983940124,0.2672075132528941,-7.558961113095284
COc1ccc(Oc2nc(SCc3ccccc3)nc3ccsc23)cc1,93,-9.058,6.030807907104492,1.5785865783691406,0.2598097225030263,-7.544403953552246
CCOCCCNc1nc(Nc2ccccc2)c2cnn(C)c2n1,57,-7.952,7.1170731313228615,0.7822044491767883,0.2286600122849146,-7.534536565661431
CCCCCNc1nc(Nc2ccc(F)cc2)c2cnn(C)c2n1,218,-8.115,6.944305545409521,0.9088669021924336,0.2139104753732681,-7.529652772704761
CCC(CNc1cc(-c2ccccc2)nc2ccnn12)OC,96,-8.428,6.506011952559153,1.230196515719096,0.2864749133586883,-7.467005976279577
COCCNc1nc(Nc2ccccc2)c2cnn(C)c2n1,40,-8.005,6.920036788066229,0.9266592462857564,0.1973952998717626,-7.462518394033115
CCCCCCNc1nc(Nc2ccccc2C)c2cnn(C)c2n1,234,-8.517,6.379278821388881,1.3231093684832256,0.2846872508525848,-7.44813941069444
COCCNc1nc(Nc2ccccc2OC)c2cnn(C)c2n1,220,-8.256,6.637025269349417,1.134145696957906,0.1808002839485804,-7.446512634674709
CCCCNc1nc(Nc2ccc(Br)cc2C)c2cnn(C)c2n1,144,-8.259,6.627879695415498,1.1408506631851196,0.2763726711273193,-7.443439847707749
COc1ccc(Nc2nc(NCC(C)C)nc3c2cnn3C)c(OC)c1,157,-8.147,6.732584202607474,1.0640878280003865,0.2562655160824458,-7.439792101303738
CCCCNc1nc(Nc2ccccc2OC)c2cnn(C)c2n1,104,-8.364,6.498238626639048,1.2358954350153606,0.2422907501459121,-7.431119313319524
COc1ccc(Nc2nc(NCCO)c3nccnc3n2)c(OC)c1,85,-8.386,6.460360397179922,1.2636653979619343,0.2205666055281957,-7.423180198589961
c1ccc(Nc2nc(NCc3ccncc3)nc(N3CCCCCC3)n2)cc1,272,-7.32,7.5015101630687715,0.5003591179847717,0.2916716287533442,-7.410755081534386
CCOCCCNc1cc(C(C)C)nc2nc(-c3cccnc3)nn12,189,-7.94,6.875894811193149,0.9590213994185128,0.1367044461270173,-7.407947405596575
COc1ccc(Nc2nc(NCCO)c3nccnc3n2)cc1,53,-8.16,6.645332849502564,1.1280550956726074,0.2719769378503163,-7.402666424751282
C=CCNc1nc(Nc2ccc(OC)cc2OC)c2cnn(C)c2n1,256,-8.113,6.6675646982193,1.1117560863494873,0.2721629391113917,-7.39028234910965
CCOCCCNc1nc(Nc2ccccc2O)c2cnn(C)c2n1,102,-8.019,6.6932567062377935,1.0929203033447266,0.1945661654074987,-7.356128353118897
COCCCNc1nc(Nc2ccccc2OC)c2cnn(C)c2n1,130,-7.84,6.867803883949915,0.9649531642595928,0.1777929613987604,-7.353901941974957
CCCCCCNc1nc(Nc2ccccc2)c2cnn(C)c2n1,280,-8.078,6.606769959449768,1.1563270092010498,0.3259125053882599,-7.3423849797248835
COCCNc1nc(Nc2ccc(OC)cc2OC)c2cnn(C)c2n1,97,-7.616,7.058843484958014,0.8248948057492574,0.1690024783213933,-7.337421742479007
CCCCNc1nc(Nc2ccc(OC)cc2OC)c2cnn(C)c2n1,154,-8.105,6.408220555305482,1.3018910884857178,0.2641879916191101,-7.256610277652741
COc1ccc(CNc2nc(NCCO)c3nccnc3n2)cc1,133,-8.024,6.313343410015107,1.3714491128921509,0.1915791680415471,-7.168671705007553
COC(CNc1nc(-c2ccc(Cl)cc2)nc2c1CCC2)OC,137,-7.963,6.306009216467539,1.3768260876337688,0.0899218296011288,-7.13450460823377
COC(CNc1nc(-c2ccc(C)cc2)nc2c1CCC2)OC,138,-7.963,6.2438707391421,1.422382156054179,0.0840972363948822,-7.10343536957105
c1ccc(Nc2nc(NCc3cccnc3)nc(N3CCCCCC3)n2)cc1,290,-7.434,6.50343734796842,1.232084055741628,0.2534792969624201,-6.96871867398421
CNS(=O)(=O)CCNc1nc(-c2ccco2)nc2c1CCNCC2,99,-6.18,7.112869774897894,0.7852860887845358,0.0805319522817929,-6.646434887448947
COC(CNc1nc(-c2ccccc2)nc2c1CCC2)OC,276,-7.883,5.254246317068737,2.147913257280986,0.1171133344372113,-6.568623158534368
COCCCNc1nc(Nc2cc(F)ccc2F)c2cnn(C)c2n1,291,-8.548,,,,
Cc1ccc(Nc2nc(NCCCN(C)C)nc3c2cnn3C)c(O)c1,292,-8.669,,,,
CCCCCCNc1nc(Nc2cc(C)c(C)cc2Br)c2cnn(C)c2n1,293,-8.746,,,,
COc1ccc(Nc2nc(NCc3ccccc3)nc3c2cnn3C)cc1,294,-9.252,,,,
Cc1ccc(Nc2nc(NCc3ccc(F)cc3)nc(N(C)C)n2)cc1F,295,-9.426,,,,
CCc1ccc(Nc2nc(NCCCO)nc3c2cnn3C)cc1,296,-8.038,,,,
